Name,Age,Gender,City,Email,Date,Category
Alex,38,M,Pune,user0@example.com,2024-01-01,C
Sara,25,F,Bangalore,user1@example.com,2024-01-02,B
Tom,22,F,Hyderabad,user2@example.com,2024-01-03,C
Alex,50,M,Pune,user3@example.com,2024-01-04,A
Mike,52,F,Pune,user4@example.com,2024-01-05,C
Sam,54,M,Delhi,user5@example.com,2024-01-06,B
Tom,34,M,Mumbai,user6@example.com,2024-01-07,A
Tom,49,M,Mumbai,user7@example.com,2024-01-08,B
Alex,39,M,Hyderabad,user8@example.com,2024-01-09,B
Anna,49,M,Mumbai,user9@example.com,2024-01-10,C
Mike,39,F,Bangalore,user10@example.com,2024-01-11,B
Alex,43,M,Mumbai,user11@example.com,2024-01-12,C
Mike,32,F,Hyderabad,user12@example.com,2024-01-13,A
Mike,32,F,Mumbai,user13@example.com,2024-01-14,C
Sam,16,M,Bangalore,user14@example.com,2024-01-15,A
Tom,49,M,Delhi,user15@example.com,2024-01-16,C
Sara,30,F,Hyderabad,user16@example.com,2024-01-17,B
Sam,55,M,Delhi,user17@example.com,2024-01-18,C
Sam,50,M,Delhi,user18@example.com,2024-01-19,C
Mike,47,F,Delhi,user19@example.com,2024-01-20,A
Rita,18,F,Pune,user20@example.com,2024-01-21,B
Tom,47,M,Pune,user21@example.com,2024-01-22,C
Anna,28,F,Delhi,user22@example.com,2024-01-23,B
Sam,35,M,Hyderabad,user23@example.com,2024-01-24,C
Sara,34,M,Bangalore,user24@example.com,2024-01-25,C
Rita,22,M,Bangalore,user25@example.com,2024-01-26,B
Rita,21,F,Mumbai,user26@example.com,2024-01-27,C
Anna,17,F,Hyderabad,user27@example.com,2024-01-28,B
Sam,31,F,Pune,user28@example.com,2024-01-29,C
Sara,47,F,Delhi,user29@example.com,2024-01-30,A
Tom,26,F,Mumbai,user30@example.com,2024-01-31,B
John,36,M,Bangalore,user31@example.com,2024-02-01,C
Sara,36,M,Pune,user32@example.com,2024-02-02,C
Anna,44,M,Pune,user33@example.com,2024-02-03,A
Rita,52,M,Delhi,user34@example.com,2024-02-04,B
Tom,52,F,Bangalore,user35@example.com,2024-02-05,C
Sara,59,M,Hyderabad,user36@example.com,2024-02-06,A
John,22,F,Pune,user37@example.com,2024-02-07,C
John,41,M,Delhi,user38@example.com,2024-02-08,B
Mike,41,F,Hyderabad,user39@example.com,2024-02-09,C
Mike,48,F,Bangalore,user40@example.com,2024-02-10,C
Alex,35,M,Pune,user41@example.com,2024-02-11,C
Anna,44,M,Hyderabad,user42@example.com,2024-02-12,C
Sam,47,M,Hyderabad,user43@example.com,2024-02-13,A
Sara,42,M,Hyderabad,user44@example.com,2024-02-14,A
Sara,47,F,Pune,user45@example.com,2024-02-15,B
Sam,19,M,Pune,user46@example.com,2024-02-16,A
Alex,33,M,Mumbai,user47@example.com,2024-02-17,A
Rita,18,F,Bangalore,user48@example.com,2024-02-18,B
Rita,49,M,Delhi,user49@example.com,2024-02-19,A
Alex,31,M,Hyderabad,user50@example.com,2024-02-20,A
Rita,58,M,Mumbai,user51@example.com,2024-02-21,B
Mike,42,M,Delhi,user52@example.com,2024-02-22,B
Sara,44,M,Mumbai,user53@example.com,2024-02-23,B
Alex,43,F,Pune,user54@example.com,2024-02-24,C
Sara,20,M,Hyderabad,user55@example.com,2024-02-25,C
Sam,49,M,Delhi,user56@example.com,2024-02-26,B
John,55,M,Delhi,user57@example.com,2024-02-27,B
Mike,51,M,Delhi,user58@example.com,2024-02-28,B
Tom,38,M,Delhi,user59@example.com,2024-02-29,C
Mike,43,F,Delhi,user60@example.com,2024-03-01,C
Alex,45,M,Mumbai,user61@example.com,2024-03-02,A
Tom,49,F,Hyderabad,user62@example.com,2024-03-03,A
John,47,F,Pune,user63@example.com,2024-03-04,B
Alex,35,M,Pune,user64@example.com,2024-03-05,C
Anna,46,M,Pune,user65@example.com,2024-03-06,C
Sara,37,M,Pune,user66@example.com,2024-03-07,C
John,47,M,Mumbai,user67@example.com,2024-03-08,B
Sara,17,F,Bangalore,user68@example.com,2024-03-09,A
Rita,32,M,Hyderabad,user69@example.com,2024-03-10,B
Anna,39,M,Delhi,user70@example.com,2024-03-11,A
Anna,56,M,Bangalore,user71@example.com,2024-03-12,A
John,45,M,Pune,user72@example.com,2024-03-13,B
Anna,17,M,Bangalore,user73@example.com,2024-03-14,A
Tom,54,M,Hyderabad,user74@example.com,2024-03-15,A
Anna,38,F,Delhi,user75@example.com,2024-03-16,C
Sara,46,F,Delhi,user76@example.com,2024-03-17,A
Sara,36,M,Hyderabad,user77@example.com,2024-03-18,B
Alex,37,M,Hyderabad,user78@example.com,2024-03-19,B
Sara,16,M,Pune,user79@example.com,2024-03-20,A
Alex,41,F,Delhi,user80@example.com,2024-03-21,C
Sara,56,M,Bangalore,user81@example.com,2024-03-22,C
Tom,16,F,Mumbai,user82@example.com,2024-03-23,A
Sam,40,M,Mumbai,user83@example.com,2024-03-24,A
Alex,31,M,Hyderabad,user84@example.com,2024-03-25,B
Mike,54,M,Pune,user85@example.com,2024-03-26,A
Rita,47,M,Mumbai,user86@example.com,2024-03-27,C
John,23,F,Delhi,user87@example.com,2024-03-28,A
Sara,57,F,Hyderabad,user88@example.com,2024-03-29,B
Anna,53,M,Bangalore,user89@example.com,2024-03-30,B
Sam,43,M,Hyderabad,user90@example.com,2024-03-31,B
Sara,56,F,Bangalore,user91@example.com,2024-04-01,B
Anna,40,F,Hyderabad,user92@example.com,2024-04-02,B
Rita,49,F,Hyderabad,user93@example.com,2024-04-03,A
Rita,39,F,Hyderabad,user94@example.com,2024-04-04,A
Rita,38,M,Bangalore,user95@example.com,2024-04-05,A
Anna,27,F,Bangalore,user96@example.com,2024-04-06,A
Sara,21,M,Hyderabad,user97@example.com,2024-04-07,B
Rita,50,F,Mumbai,user98@example.com,2024-04-08,C
Tom,59,F,Pune,user99@example.com,2024-04-09,A
Alex,34,F,Pune,user100@example.com,2024-04-10,C
Anna,15,F,Pune,user101@example.com,2024-04-11,A
Anna,22,F,Bangalore,user102@example.com,2024-04-12,A
Sara,30,M,Bangalore,user103@example.com,2024-04-13,C
Anna,28,M,Mumbai,user104@example.com,2024-04-14,B
Anna,26,F,Pune,user105@example.com,2024-04-15,A
Rita,37,F,Pune,user106@example.com,2024-04-16,A
Sara,29,M,Hyderabad,user107@example.com,2024-04-17,A
Rita,42,F,Bangalore,user108@example.com,2024-04-18,C
Alex,48,F,Pune,user109@example.com,2024-04-19,B
Sam,16,M,Mumbai,user110@example.com,2024-04-20,C
Alex,46,F,Mumbai,user111@example.com,2024-04-21,C
Sam,37,F,Pune,user112@example.com,2024-04-22,B
Rita,36,M,Bangalore,user113@example.com,2024-04-23,C
Alex,39,M,Mumbai,user114@example.com,2024-04-24,B
Sara,36,M,Hyderabad,user115@example.com,2024-04-25,A
John,36,F,Mumbai,user116@example.com,2024-04-26,B
Rita,56,M,Delhi,user117@example.com,2024-04-27,A
Sam,20,M,Delhi,user118@example.com,2024-04-28,C
Tom,29,M,Bangalore,user119@example.com,2024-04-29,C
Sam,57,M,Pune,user120@example.com,2024-04-30,A
Tom,51,M,Bangalore,user121@example.com,2024-05-01,C
Anna,47,M,Bangalore,user122@example.com,2024-05-02,B
Alex,22,F,Bangalore,user123@example.com,2024-05-03,A
Tom,58,F,Bangalore,user124@example.com,2024-05-04,C
Sam,58,M,Hyderabad,user125@example.com,2024-05-05,A
Anna,19,M,Hyderabad,user126@example.com,2024-05-06,B
John,53,M,Mumbai,user127@example.com,2024-05-07,B
Sara,18,F,Delhi,user128@example.com,2024-05-08,C
Sara,20,F,Bangalore,user129@example.com,2024-05-09,B
Sara,59,F,Mumbai,user130@example.com,2024-05-10,A
Tom,46,F,Delhi,user131@example.com,2024-05-11,B
John,44,F,Pune,user132@example.com,2024-05-12,A
Tom,49,F,Hyderabad,user133@example.com,2024-05-13,A
Alex,54,F,Delhi,user134@example.com,2024-05-14,B
Tom,30,F,Pune,user135@example.com,2024-05-15,C
John,27,F,Delhi,user136@example.com,2024-05-16,B
John,56,M,Hyderabad,user137@example.com,2024-05-17,A
Alex,44,M,Hyderabad,user138@example.com,2024-05-18,A
John,33,M,Mumbai,user139@example.com,2024-05-19,B
Sam,31,M,Bangalore,user140@example.com,2024-05-20,C
John,33,F,Delhi,user141@example.com,2024-05-21,C
Sara,42,F,Delhi,user142@example.com,2024-05-22,A
Sam,40,M,Pune,user143@example.com,2024-05-23,A
Sam,51,F,Hyderabad,user144@example.com,2024-05-24,C
Alex,40,M,Delhi,user145@example.com,2024-05-25,B
Mike,37,F,Hyderabad,user146@example.com,2024-05-26,A
Mike,23,M,Delhi,user147@example.com,2024-05-27,A
John,26,F,Mumbai,user148@example.com,2024-05-28,C
Sam,15,F,Bangalore,user149@example.com,2024-05-29,B
Mike,15,M,Delhi,user150@example.com,2024-05-30,C
Mike,48,F,Hyderabad,user151@example.com,2024-05-31,B
John,46,M,Mumbai,user152@example.com,2024-06-01,B
Mike,39,M,Delhi,user153@example.com,2024-06-02,B
Tom,54,M,Pune,user154@example.com,2024-06-03,A
Anna,59,M,Bangalore,user155@example.com,2024-06-04,C
Alex,15,F,Delhi,user156@example.com,2024-06-05,C
Anna,30,F,Mumbai,user157@example.com,2024-06-06,B
John,53,F,Pune,user158@example.com,2024-06-07,A
Sara,19,M,Mumbai,user159@example.com,2024-06-08,A
Alex,36,F,Mumbai,user160@example.com,2024-06-09,C
John,43,M,Pune,user161@example.com,2024-06-10,A
Sam,17,F,Mumbai,user162@example.com,2024-06-11,A
Sara,26,F,Pune,user163@example.com,2024-06-12,B
Anna,40,F,Delhi,user164@example.com,2024-06-13,A
John,30,M,Pune,user165@example.com,2024-06-14,B
Sam,51,F,Pune,user166@example.com,2024-06-15,C
Alex,36,F,Bangalore,user167@example.com,2024-06-16,A
Alex,43,M,Pune,user168@example.com,2024-06-17,C
Rita,28,F,Pune,user169@example.com,2024-06-18,C
Sam,42,M,Delhi,user170@example.com,2024-06-19,A
Tom,19,F,Bangalore,user171@example.com,2024-06-20,A
Mike,44,M,Hyderabad,user172@example.com,2024-06-21,C
Sara,19,M,Delhi,user173@example.com,2024-06-22,A
Sam,26,F,Delhi,user174@example.com,2024-06-23,B
Rita,30,M,Hyderabad,user175@example.com,2024-06-24,B
Mike,40,M,Pune,user176@example.com,2024-06-25,A
Mike,40,M,Mumbai,user177@example.com,2024-06-26,C
John,35,M,Bangalore,user178@example.com,2024-06-27,A
Mike,53,M,Mumbai,user179@example.com,2024-06-28,A
Tom,50,M,Hyderabad,user180@example.com,2024-06-29,C
Alex,47,F,Delhi,user181@example.com,2024-06-30,C
Rita,44,M,Delhi,user182@example.com,2024-07-01,B
Mike,51,M,Bangalore,user183@example.com,2024-07-02,C
John,37,F,Delhi,user184@example.com,2024-07-03,B
Tom,24,F,Delhi,user185@example.com,2024-07-04,C
Anna,19,F,Bangalore,user186@example.com,2024-07-05,A
Alex,50,F,Bangalore,user187@example.com,2024-07-06,B
Alex,48,F,Hyderabad,user188@example.com,2024-07-07,B
Rita,45,F,Delhi,user189@example.com,2024-07-08,B
Alex,24,F,Delhi,user190@example.com,2024-07-09,A
Mike,33,M,Hyderabad,user191@example.com,2024-07-10,A
John,46,M,Pune,user192@example.com,2024-07-11,A
Alex,15,F,Pune,user193@example.com,2024-07-12,A
Alex,19,M,Pune,user194@example.com,2024-07-13,A
Anna,59,M,Hyderabad,user195@example.com,2024-07-14,B
Anna,18,M,Delhi,user196@example.com,2024-07-15,A
Sara,30,F,Hyderabad,user197@example.com,2024-07-16,B
Tom,38,F,Hyderabad,user198@example.com,2024-07-17,A
Mike,30,M,Pune,user199@example.com,2024-07-18,C
Alex,16,F,Mumbai,user200@example.com,2024-07-19,B
Sam,42,M,Delhi,user201@example.com,2024-07-20,C
Alex,46,M,Pune,user202@example.com,2024-07-21,B
John,41,M,Mumbai,user203@example.com,2024-07-22,C
Sara,34,M,Mumbai,user204@example.com,2024-07-23,A
Tom,38,F,Bangalore,user205@example.com,2024-07-24,A
Sam,26,F,Delhi,user206@example.com,2024-07-25,A
Sara,49,F,Mumbai,user207@example.com,2024-07-26,B
Rita,47,M,Pune,user208@example.com,2024-07-27,C
Tom,47,F,Bangalore,user209@example.com,2024-07-28,A
Alex,57,M,Delhi,user210@example.com,2024-07-29,C
Alex,51,F,Hyderabad,user211@example.com,2024-07-30,C
Tom,26,M,Pune,user212@example.com,2024-07-31,A
Alex,17,M,Mumbai,user213@example.com,2024-08-01,A
Mike,15,M,Mumbai,user214@example.com,2024-08-02,C
Tom,47,F,Pune,user215@example.com,2024-08-03,A
Sara,54,F,Mumbai,user216@example.com,2024-08-04,A
Tom,24,F,Bangalore,user217@example.com,2024-08-05,A
Sam,57,F,Delhi,user218@example.com,2024-08-06,B
Alex,58,M,Bangalore,user219@example.com,2024-08-07,C
Mike,43,F,Mumbai,user220@example.com,2024-08-08,C
Mike,27,F,Hyderabad,user221@example.com,2024-08-09,B
Rita,26,M,Delhi,user222@example.com,2024-08-10,C
Sara,45,M,Delhi,user223@example.com,2024-08-11,A
Anna,16,M,Pune,user224@example.com,2024-08-12,C
Anna,49,F,Pune,user225@example.com,2024-08-13,A
Tom,37,M,Hyderabad,user226@example.com,2024-08-14,B
Rita,31,M,Delhi,user227@example.com,2024-08-15,A
John,40,M,Hyderabad,user228@example.com,2024-08-16,C
Tom,22,F,Pune,user229@example.com,2024-08-17,C
Rita,43,M,Pune,user230@example.com,2024-08-18,C
Sara,40,F,Delhi,user231@example.com,2024-08-19,B
Sara,24,F,Bangalore,user232@example.com,2024-08-20,B
Sara,40,M,Mumbai,user233@example.com,2024-08-21,C
Sara,48,M,Pune,user234@example.com,2024-08-22,A
Sara,55,F,Pune,user235@example.com,2024-08-23,B
Rita,21,M,Bangalore,user236@example.com,2024-08-24,C
Rita,18,M,Bangalore,user237@example.com,2024-08-25,C
Mike,59,F,Hyderabad,user238@example.com,2024-08-26,B
Sam,25,F,Hyderabad,user239@example.com,2024-08-27,B
Anna,43,M,Mumbai,user240@example.com,2024-08-28,B
Alex,50,F,Mumbai,user241@example.com,2024-08-29,A
Sara,39,M,Delhi,user242@example.com,2024-08-30,A
John,35,M,Hyderabad,user243@example.com,2024-08-31,C
Alex,50,M,Pune,user244@example.com,2024-09-01,B
Rita,24,F,Hyderabad,user245@example.com,2024-09-02,A
John,51,M,Pune,user246@example.com,2024-09-03,B
John,23,M,Bangalore,user247@example.com,2024-09-04,C
John,38,M,Hyderabad,user248@example.com,2024-09-05,A
Mike,49,F,Bangalore,user249@example.com,2024-09-06,A
Rita,49,F,Mumbai,user250@example.com,2024-09-07,A
John,50,F,Mumbai,user251@example.com,2024-09-08,C
Sara,32,F,Delhi,user252@example.com,2024-09-09,B
Tom,53,F,Hyderabad,user253@example.com,2024-09-10,A
John,46,M,Bangalore,user254@example.com,2024-09-11,C
Mike,38,F,Pune,user255@example.com,2024-09-12,B
Alex,37,F,Mumbai,user256@example.com,2024-09-13,C
Rita,46,F,Mumbai,user257@example.com,2024-09-14,B
Sam,51,M,Pune,user258@example.com,2024-09-15,C
Mike,26,F,Bangalore,user259@example.com,2024-09-16,B
John,27,F,Bangalore,user260@example.com,2024-09-17,A
Rita,37,M,Hyderabad,user261@example.com,2024-09-18,B
Tom,39,F,Hyderabad,user262@example.com,2024-09-19,C
John,49,M,Delhi,user263@example.com,2024-09-20,C
Mike,55,M,Mumbai,user264@example.com,2024-09-21,B
Anna,44,M,Hyderabad,user265@example.com,2024-09-22,A
Sara,31,M,Bangalore,user266@example.com,2024-09-23,A
Sam,34,M,Pune,user267@example.com,2024-09-24,B
Alex,39,F,Bangalore,user268@example.com,2024-09-25,B
Mike,36,M,Mumbai,user269@example.com,2024-09-26,C
Rita,27,M,Bangalore,user270@example.com,2024-09-27,A
Sam,33,F,Delhi,user271@example.com,2024-09-28,B
Sam,50,M,Mumbai,user272@example.com,2024-09-29,A
Sam,26,F,Pune,user273@example.com,2024-09-30,B
John,55,F,Delhi,user274@example.com,2024-10-01,B
Sara,33,F,Mumbai,user275@example.com,2024-10-02,A
John,26,M,Pune,user276@example.com,2024-10-03,B
Rita,23,M,Delhi,user277@example.com,2024-10-04,B
John,21,M,Delhi,user278@example.com,2024-10-05,C
Anna,42,F,Mumbai,user279@example.com,2024-10-06,B
Sara,28,M,Hyderabad,user280@example.com,2024-10-07,B
Sara,45,M,Delhi,user281@example.com,2024-10-08,B
Rita,33,M,Delhi,user282@example.com,2024-10-09,C
Alex,30,F,Pune,user283@example.com,2024-10-10,A
Anna,19,F,Bangalore,user284@example.com,2024-10-11,C
Mike,49,M,Mumbai,user285@example.com,2024-10-12,C
John,26,M,Mumbai,user286@example.com,2024-10-13,A
Tom,39,M,Hyderabad,user287@example.com,2024-10-14,C
John,35,M,Hyderabad,user288@example.com,2024-10-15,A
Sam,50,F,Mumbai,user289@example.com,2024-10-16,C
John,37,F,Hyderabad,user290@example.com,2024-10-17,A
Mike,30,F,Pune,user291@example.com,2024-10-18,B
John,53,F,Mumbai,user292@example.com,2024-10-19,C
Anna,59,M,Hyderabad,user293@example.com,2024-10-20,C
Anna,56,M,Mumbai,user294@example.com,2024-10-21,C
Sara,53,M,Bangalore,user295@example.com,2024-10-22,C
Rita,28,F,Delhi,user296@example.com,2024-10-23,B
Alex,45,M,Mumbai,user297@example.com,2024-10-24,C
Tom,19,F,Delhi,user298@example.com,2024-10-25,B
Sam,49,F,Hyderabad,user299@example.com,2024-10-26,B
John,37,M,Delhi,user300@example.com,2024-10-27,B
John,43,M,Mumbai,user301@example.com,2024-10-28,B
Mike,57,M,Bangalore,user302@example.com,2024-10-29,A
Rita,25,F,Hyderabad,user303@example.com,2024-10-30,A
Anna,32,M,Mumbai,user304@example.com,2024-10-31,C
Tom,26,F,Hyderabad,user305@example.com,2024-11-01,A
Sara,23,M,Pune,user306@example.com,2024-11-02,A
Anna,24,F,Delhi,user307@example.com,2024-11-03,C
Sam,58,F,Pune,user308@example.com,2024-11-04,C
Rita,31,M,Mumbai,user309@example.com,2024-11-05,C
Sam,52,F,Bangalore,user310@example.com,2024-11-06,A
Alex,21,F,Hyderabad,user311@example.com,2024-11-07,A
Sara,27,M,Delhi,user312@example.com,2024-11-08,C
Alex,54,F,Hyderabad,user313@example.com,2024-11-09,B
Mike,56,M,Mumbai,user314@example.com,2024-11-10,C
Sam,23,F,Hyderabad,user315@example.com,2024-11-11,B
Mike,41,M,Delhi,user316@example.com,2024-11-12,B
John,16,M,Mumbai,user317@example.com,2024-11-13,C
Alex,19,F,Hyderabad,user318@example.com,2024-11-14,C
Rita,43,F,Bangalore,user319@example.com,2024-11-15,C
Sam,51,F,Mumbai,user320@example.com,2024-11-16,A
Tom,52,F,Mumbai,user321@example.com,2024-11-17,B
Sara,33,F,Bangalore,user322@example.com,2024-11-18,A
Anna,22,M,Pune,user323@example.com,2024-11-19,A
Rita,59,F,Delhi,user324@example.com,2024-11-20,C
Rita,15,M,Pune,user325@example.com,2024-11-21,A
Mike,36,M,Hyderabad,user326@example.com,2024-11-22,C
Alex,31,F,Bangalore,user327@example.com,2024-11-23,B
Sam,21,M,Pune,user328@example.com,2024-11-24,C
Sam,39,M,Mumbai,user329@example.com,2024-11-25,A
John,59,M,Hyderabad,user330@example.com,2024-11-26,A
John,18,M,Hyderabad,user331@example.com,2024-11-27,C
Sara,50,F,Pune,user332@example.com,2024-11-28,C
Mike,20,M,Pune,user333@example.com,2024-11-29,A
Rita,45,F,Bangalore,user334@example.com,2024-11-30,B
Sam,33,F,Delhi,user335@example.com,2024-12-01,B
Tom,58,M,Pune,user336@example.com,2024-12-02,C
Mike,53,F,Pune,user337@example.com,2024-12-03,B
Sara,41,F,Mumbai,user338@example.com,2024-12-04,A
Sara,24,F,Hyderabad,user339@example.com,2024-12-05,C
Mike,40,M,Delhi,user340@example.com,2024-12-06,A
Sara,33,F,Mumbai,user341@example.com,2024-12-07,A
Mike,53,F,Bangalore,user342@example.com,2024-12-08,B
Anna,17,F,Bangalore,user343@example.com,2024-12-09,C
Mike,59,M,Pune,user344@example.com,2024-12-10,C
Alex,27,F,Pune,user345@example.com,2024-12-11,B
Mike,42,M,Bangalore,user346@example.com,2024-12-12,A
Sara,34,M,Pune,user347@example.com,2024-12-13,A
Sam,42,M,Delhi,user348@example.com,2024-12-14,A
Alex,22,M,Pune,user349@example.com,2024-12-15,A
Sara,55,M,Hyderabad,user350@example.com,2024-12-16,C
John,53,M,Pune,user351@example.com,2024-12-17,C
John,15,F,Mumbai,user352@example.com,2024-12-18,B
Sam,17,M,Delhi,user353@example.com,2024-12-19,B
Sam,27,F,Mumbai,user354@example.com,2024-12-20,C
Alex,42,F,Mumbai,user355@example.com,2024-12-21,C
Anna,39,M,Hyderabad,user356@example.com,2024-12-22,A
Sam,47,F,Delhi,user357@example.com,2024-12-23,A
John,52,F,Delhi,user358@example.com,2024-12-24,B
Mike,20,F,Delhi,user359@example.com,2024-12-25,C
Sara,58,F,Delhi,user360@example.com,2024-12-26,B
John,59,M,Delhi,user361@example.com,2024-12-27,C
John,46,F,Hyderabad,user362@example.com,2024-12-28,A
Anna,59,M,Pune,user363@example.com,2024-12-29,B
Alex,35,F,Mumbai,user364@example.com,2024-12-30,B
Alex,30,F,Delhi,user365@example.com,2024-12-31,C
Rita,35,M,Pune,user366@example.com,2025-01-01,A
Anna,25,F,Pune,user367@example.com,2025-01-02,B
Mike,51,F,Mumbai,user368@example.com,2025-01-03,A
Alex,50,F,Hyderabad,user369@example.com,2025-01-04,B
Sara,49,M,Bangalore,user370@example.com,2025-01-05,A
Sam,33,F,Bangalore,user371@example.com,2025-01-06,C
Anna,34,M,Pune,user372@example.com,2025-01-07,B
Sam,32,F,Mumbai,user373@example.com,2025-01-08,B
John,55,M,Bangalore,user374@example.com,2025-01-09,A
Sara,28,M,Pune,user375@example.com,2025-01-10,A
Sara,29,F,Hyderabad,user376@example.com,2025-01-11,B
John,45,F,Bangalore,user377@example.com,2025-01-12,C
Anna,15,M,Pune,user378@example.com,2025-01-13,A
John,17,M,Pune,user379@example.com,2025-01-14,A
Sam,30,F,Delhi,user380@example.com,2025-01-15,A
Rita,37,M,Hyderabad,user381@example.com,2025-01-16,B
Sara,25,F,Delhi,user382@example.com,2025-01-17,B
Tom,26,F,Mumbai,user383@example.com,2025-01-18,B
Tom,24,F,Delhi,user384@example.com,2025-01-19,B
Sam,46,F,Delhi,user385@example.com,2025-01-20,C
Mike,30,M,Bangalore,user386@example.com,2025-01-21,C
Alex,22,F,Pune,user387@example.com,2025-01-22,B
John,52,M,Hyderabad,user388@example.com,2025-01-23,C
John,26,F,Delhi,user389@example.com,2025-01-24,A
Mike,38,M,Hyderabad,user390@example.com,2025-01-25,A
Mike,42,F,Delhi,user391@example.com,2025-01-26,A
Sam,22,M,Mumbai,user392@example.com,2025-01-27,B
Sam,42,M,Delhi,user393@example.com,2025-01-28,A
Mike,50,F,Bangalore,user394@example.com,2025-01-29,C
Sara,40,F,Pune,user395@example.com,2025-01-30,B
Sam,22,F,Mumbai,user396@example.com,2025-01-31,C
Rita,42,F,Delhi,user397@example.com,2025-02-01,A
Sam,42,M,Hyderabad,user398@example.com,2025-02-02,A
John,51,F,Mumbai,user399@example.com,2025-02-03,A
